__header__,__version__,__globals__,emg,stimulus,glove,subject,exercise,repetition,restimulus,rerepetition
epetition
"b'MATLAB 5.0 MAT-file, Platform: GLNXA64, Created on: Mon Jan 14 02:36:34 2013'",1.0,[],"[-2.8512097e-06  3.3552608e-06  1.5988660e-06 ...  4.6757668e-06
 -2.4354026e-06  1.1051290e-05]",[0.14023736 0.9540544  0.27923268 ... 0.81819415 0.4633685  0.12973362],[ 0  0  0 ... 17 17 17],[63.02556   6.871781 13.948268 ...  9.208267 13.692081 13.509412],[60.42475   -0.61025   60.42475   ... -5.0564632  4.1181493 -5.062563 ],[1],[1],[0 0 0 ... 6 6 6],[0 0 0 ... 0 0 0],[1 1 1 ... 0 0 0]
